"place","pop1980","pop2000","pop2010","pop2023","pop2024","pop2030","pop2050","country","area","landAreaKm","cca2","cca3","unMember","netChange","growthRate","worldPercentage","density","densityMi","rank"
356,687354000,1057920000,1243480000,1438070000,1450940000,1525140000,1679590000,"India",3287590,2973190,"IN","IND",true,0.4119,0.0089,0.1813,488.0078,1263.9403,1
156,983164000,1269580000,1351560000,1422580000,1419320000,1398150000,1260290000,"China",9706961,9424702.9,"CN","CHN",true,-0.1006,-0.0023,0.1773,150.5957,390.0429,2
840,229859000,281484000,311063000,343477000,345427000,355650000,380847000,"United States",9372610,9147420,"US","USA",true,0.06,0.0057,0.0432,37.7622,97.8042,3
360,148951000,216078000,246305000,281190000,283488000,295877000,320713000,"Indonesia",1904569,1877519,"ID","IDN",true,0.0719,0.0082,0.0354,150.9907,391.066,4
586,82291000,154879000,199239000,247504000,251269000,276883000,371864000,"Pakistan",881912,770880,"PK","PAK",true,0.1225,0.0152,0.0314,325.9509,844.2127,5
566,73764600,126382000,166643000,227883000,232679000,262381000,359186000,"Nigeria",923768,910770,"NG","NGA",true,0.1526,0.021,0.0291,255.475,661.6803,6
76,121207000,174018000,193702000,211141000,211999000,216074000,217489000,"Brazil",8515767,8358140,"BR","BRA",true,0.0269,0.0041,0.0265,25.3644,65.6937,7
50,88016400,134544000,152202000,171467000,173562000,186072000,214709000,"Bangladesh",147570,130170,"BD","BGD",true,0.0669,0.0122,0.0217,1333.3487,3453.3731,8
643,138573000,146718000,143934000,145440000,144820000,141889000,136133000,"Russia",17098242,16376870,"RU","RUS",true,-0.0244,-0.0043,0.0181,8.843,22.9033,9
231,34428500,67411500,90538500,128692000,132060000,152855000,225022000,"Ethiopia",1104300,1128571.3,"ET","ETH",true,0.108,0.0262,0.0165,117.0152,303.0694,10
484,67300300,98625600,113624000,129740000,130861000,136905000,148946000,"Mexico",1964375,1943950,"MX","MEX",true,0.035,0.0086,0.0163,67.3171,174.3512,11
392,118359000,127028000,128185000,124371000,123753000,119584000,105123000,"Japan",377930,364500,"JP","JPN",true,-0.0202,-0.005,0.0155,339.5144,879.3423,12
818,43950400,73083300,89196100,114536000,116538000,127139000,161630000,"Egypt",1002450,995450,"EG","EGY",true,0.0608,0.0175,0.0146,117.0707,303.213,13
608,48043700,79625400,96337100,114891000,115844000,121409000,134373000,"Philippines",342353,298170,"PH","PHL",true,0.03,0.0083,0.0145,388.5166,1006.258,14
180,26711100,50507400,68563000,105790000,109276000,131532000,218246000,"DR Congo",2344858,2267050,"CD","COD",true,0.1115,0.033,0.0137,48.2018,124.8428,15
704,52490100,77154000,87455200,100352000,100988000,104255000,110009000,"Vietnam",331212,313429,"VN","VNM",true,0.0198,0.0063,0.0126,322.2038,834.5077,16
364,39842300,66418700,77420800,90608700,91567700,95486700,101862000,"Iran",1648195,1622500,"IR","IRN",true,0.0287,0.0106,0.0114,56.4362,146.1697,17
792,45408800,65426000,73346800,87270500,87473800,89027500,91258100,"Turkey",783562,783562,"TR","TUR",true,0.0065,0.0023,0.0109,111.6361,289.1375,18
276,78315400,81797300,80830900,84548200,84552200,82781000,78294600,"Germany",357114,349390,"DE","DEU",true,-0.0091,0,0.0106,241.9995,626.7787,19
764,45650000,63007800,68579400,71702400,71668000,71215000,66382700,"Thailand",513120,510890,"TH","THA",true,-0.0013,-0.0005,0.009,140.2807,363.327,20
826,56282100,59057300,63006500,68683000,69138200,71287000,75504700,"United Kingdom",242900,241930,"GB","GBR",true,0.0136,0.0066,0.0086,285.7777,740.1643,21
834,19189800,34260100,44758500,66617600,68560200,80913100,129621000,"Tanzania",945087,885800,"TZ","TZA",true,0.0622,0.0292,0.0086,77.3992,200.4639,22
250,53941100,59483700,63417400,66438800,66548500,67107700,68219700,"France",551695,547557,"FR","FRA",true,0.0033,0.0017,0.0083,121.5371,314.7811,23
710,29518900,47159700,52344100,63212400,64007200,68161400,79177300,"South Africa",1221037,1213090,"ZA","ZAF",true,0.024,0.0126,0.008,52.7638,136.6582,24
380,56412100,57272200,60164200,59499500,59342900,57946100,51891100,"Italy",301336,295717,"IT","ITA",true,-0.0058,-0.0026,0.0074,200.6746,519.7473,25
404,16018500,30642900,41598600,55339000,56432900,63102200,83593200,"Kenya",580367,569140,"KE","KEN",true,0.0348,0.0198,0.007,99.1547,256.8106,26
104,33227200,45290800,49024400,54133800,54500100,56351000,58623200,"Myanmar",676578,652670,"MM","MMR",true,0.0114,0.0068,0.0068,83.5033,216.2736,27
170,26104500,39089900,44777300,52321200,52886400,55736500,59385400,"Colombia",1141748,1109500,"CO","COL",true,0.0175,0.0108,0.0066,47.6669,123.4572,28
410,38141100,46766700,48769300,51748700,51717600,51188600,45143100,"South Korea",100210,97600,"KR","KOR",true,-0.0013,-0.0006,0.0065,529.8934,1372.424,29
729,17058900,27816700,35414400,50042800,50449000,58571600,85206400,"Sudan",1886068,1868000,"SD","SDN",true,0.0254,0.0081,0.0063,27.007,69.948,30
800,13275700,24000200,32390800,48656600,50015100,58312900,85431200,"Uganda",241550,200520,"UG","UGA",true,0.0433,0.0279,0.0062,249.427,646.0159,31
724,37537600,41019800,46840500,47911600,47910500,47610500,44928600,"Spain",505992,499556.6,"ES","ESP",true,-0.0003,0,0.006,95.906,248.3967,32
12,18607200,30903900,36188200,46164200,46814300,50154200,59565600,"Algeria",2381741,2381741,"DZ","DZA",true,0.0201,0.0141,0.0058,19.6555,50.9077,33
368,13592000,24424100,31045400,45074000,46042000,51937200,71928800,"Iraq",438317,434128,"IQ","IRQ",true,0.0307,0.0215,0.0058,106.0563,274.6858,34
32,28011600,37214000,41288700,45538400,45696200,46585000,48308900,"Argentina",2780400,2736690,"AR","ARG",true,0.005,0.0035,0.0057,16.6976,43.2468,35
4,13169300,20130300,28284100,41454800,42647500,50039400,76885100,"Afghanistan",652230,652230,"AF","AFG",true,0.0382,0.0288,0.0053,65.3872,169.3529,36
887,9543360,19624100,26754400,39390800,40583200,47667700,70976400,"Yemen",527968,527970,"YE","YEM",true,0.0378,0.0303,0.0051,76.8665,199.0842,37
124,24533800,30891800,34196900,39299100,39742400,41655600,45621900,"Canada",9984670,8965590,"CA","CAN",true,0.0129,0.0113,0.005,4.4328,11.4809,38
616,35576500,38258100,38095400,38762800,38539200,37198500,32814100,"Poland",312679,306130,"PL","POL",true,-0.0109,-0.0058,0.0048,125.8916,326.0593,39
504,19459900,28423400,32467000,37712500,38081200,39953500,43440400,"Morocco",446550,446300,"MA","MAR",true,0.0114,0.0098,0.0048,85.3265,220.9955,40
24,8133870,16194900,23294800,36749900,37885800,45160500,74295400,"Angola",1246700,1246700,"AO","AGO",true,0.0363,0.0309,0.0047,30.3889,78.7072,41
804,49955200,49556700,46456000,37732800,37860200,38353900,31990100,"Ukraine",603500,579400,"UA","UKR",true,0.0266,0.0034,0.0047,65.3438,169.2405,42
860,15619900,24787100,28385500,35652300,36361900,40248200,52210800,"Uzbekistan",447400,440650,"UZ","UZB",true,0.0223,0.0199,0.0045,82.5188,213.7236,43
458,12983400,22967800,28655800,35126300,35557700,37961700,44289800,"Malaysia",330803,328550,"MY","MYS",true,0.0135,0.0123,0.0044,108.2261,280.3057,44
508,11336200,18129700,22999200,33635200,34631800,40846800,63531000,"Mozambique",801590,786380,"MZ","MOZ",true,0.0318,0.0296,0.0043,44.0395,114.0624,45
288,11941400,19637100,25475000,33787900,34427400,38222100,50553000,"Ghana",238533,227533,"GH","GHA",true,0.0202,0.0189,0.0043,151.3073,391.8859,46
604,17360900,26598300,29086000,33845600,34217800,36193900,40583900,"Peru",1285216,1280000,"PE","PER",true,0.0116,0.011,0.0043,26.7327,69.2376,47
682,6048000,16177700,25157100,33264300,33962800,37443800,47693900,"Saudi Arabia",2149690,2149690,"SA","SAU",true,0.0191,0.021,0.0042,15.7989,40.9192,48
450,9006030,16516300,22183300,31195900,31965000,36693200,53185500,"Madagascar",587041,581800,"MG","MDG",true,0.0245,0.0247,0.004,54.9416,142.2986,49
384,8220710,17699000,22488100,31165700,31934200,36699000,55747000,"Ivory Coast",322463,318000,"CI","CIV",true,0.0245,0.0247,0.004,100.422,260.093,50
524,15553100,24546500,27342000,29694600,29651100,30510000,34642000,"Nepal",147181,143350,"NP","NPL",true,-0.0015,-0.0015,0.0037,206.8441,535.7262,51
120,8512220,14912600,19668100,28372700,29123700,33777200,51096300,"Cameroon",475442,472710,"CM","CMR",true,0.0238,0.0265,0.0036,61.6101,159.5701,52
862,15258200,24526700,28813100,28300900,28405500,29151800,31094900,"Venezuela",916445,882050,"VE","VEN",true,0.0035,0.0037,0.0035,32.204,83.4082,53
562,6135970,11509600,16548800,26159900,27032400,32518100,52513900,"Niger",1267000,1266700,"NE","NER",true,0.0279,0.0334,0.0034,21.3408,55.2727,54
36,14721300,19132500,22141600,26451100,26713200,28188500,32507000,"Australia",7692024,7692020,"AU","AUS",true,0.0084,0.0099,0.0033,3.4728,8.9947,55
408,18236800,23665900,24987300,26418200,26498800,26784900,25787100,"North Korea",120538,120410,"KP","PRK",true,0.0024,0.0031,0.0033,220.0714,569.985,56
760,8957660,16637900,22482400,23594600,24672800,29395500,37793400,"Syria",185180,183630,"SY","SYR",true,0.0316,0.0457,0.0031,134.3615,347.9963,57
466,7530520,11559300,15945200,23769100,24478600,29002900,46154100,"Mali",1240192,1220190,"ML","MLI",true,0.0226,0.0298,0.0031,20.0613,51.9588,58
854,6947900,11925500,16176500,23025800,23548800,26730300,37304400,"Burkina Faso",272967,273600,"BF","BFA",true,0.0167,0.0227,0.0029,86.0702,222.9218,59
158,18086500,22332900,23224000,23317100,23214000,22590000,19434600,"Taiwan",36193,36197,"TW","TWN",false,-0.0032,-0.0044,0.0029,641.3239,1661.0288,60
144,14848000,19293100,20879100,22971600,23103600,23768000,24813700,"Sri Lanka",65610,61860,"LK","LKA",true,0.0041,0.0057,0.0029,373.4821,967.3185,61
454,6265530,11315900,14826500,21104500,21655300,25160300,37361700,"Malawi",118484,94280,"MW","MWI",true,0.0177,0.0261,0.0027,229.6913,594.9006,62
894,5802830,10017600,13965600,20724000,21315000,25024900,38083400,"Zambia",752612,743390,"ZM","ZMB",true,0.0188,0.0285,0.0027,28.6727,74.2623,63
398,15152900,15501100,16836800,20330100,20592600,22003200,26544300,"Kazakhstan",2724900,2699700,"KZ","KAZ",true,0.0081,0.0129,0.0026,7.6277,19.7558,64
148,4515450,8512090,12312600,19319100,20299100,24207500,38857700,"Chad",1284000,1259200,"TD","TCD",true,0.0272,0.0507,0.0025,16.1206,41.7524,65
152,11508600,15503600,17181500,19658800,19764800,20233200,20320300,"Chile",756102,743532,"CL","CHL",true,0.0032,0.0054,0.0025,26.5823,68.8482,66
642,22154800,22046300,20432600,19118500,19015100,18359500,16027300,"Romania",238391,230080,"RO","ROU",true,-0.0033,-0.0054,0.0024,82.6456,214.0521,67
706,5936150,8838710,12261800,18358600,19009200,22915000,37206500,"Somalia",637657,627340,"SO","SOM",true,0.0205,0.0354,0.0024,30.3013,78.4803,68
686,5845640,9968260,12635400,18077600,18502000,21163200,30365000,"Senegal",196722,192530,"SN","SEN",true,0.0136,0.0235,0.0023,96.0993,248.8972,69
320,6900210,11697600,14500100,18124800,18406400,20067300,24670900,"Guatemala",108889,107160,"GT","GTM",true,0.0089,0.0155,0.0023,171.7656,444.8729,70
528,14162700,16058800,16771200,18092500,18228700,18757200,18958500,"Netherlands",41850,33670,"NL","NLD",true,0.004,0.0075,0.0023,541.3929,1402.2077,71
218,8165880,12689200,15076700,17980100,18135500,19069700,21337200,"Ecuador",276841,248360,"EC","ECU",true,0.0049,0.0086,0.0023,73.021,189.1244,72
116,5199870,12462300,14500700,17423900,17638800,18827400,21931500,"Cambodia",181035,176520,"KH","KHM",true,0.0067,0.0123,0.0022,99.9252,258.8063,73
716,7041300,11892100,13356500,16340800,16634400,18610300,25866400,"Zimbabwe",390757,386850,"ZW","ZWE",true,0.0099,0.018,0.0021,42.9996,111.369,74
324,5047420,8428830,10396100,14405500,14754800,16807100,23404600,"Guinea",245857,245720,"GN","GIN",true,0.011,0.0242,0.0018,60.0472,155.5223,75
204,3925250,7221620,9797480,14111000,14462700,16618800,24433800,"Benin",112622,112760,"BJ","BEN",true,0.0111,0.0249,0.0018,128.2609,332.1958,76
646,5353260,8213930,10317600,13954500,14256600,16154700,22707900,"Rwanda",26338,24670,"RW","RWA",true,0.0095,0.0216,0.0018,577.8922,1496.7407,77
108,4383710,6470190,9376440,13689400,14047800,16182000,24131700,"Burundi",27834,25680,"BI","BDI",true,0.011,0.0262,0.0018,547.0327,1416.8147,78
68,5758900,8606330,10182300,12244200,12413300,13405600,16110200,"Bolivia",1098581,1083300,"BO","BOL",true,0.0054,0.0138,0.0016,11.4588,29.6782,79
788,6606200,9764940,10766000,12200400,12277100,12628100,13145100,"Tunisia",163610,155360,"TN","TUN",true,0.0023,0.0063,0.0015,79.0236,204.671,80
728,4339030,6032270,9745950,11483400,11943400,13457500,18342000,"South Sudan",619745,631930,"SS","SSD",true,0.0078,0.0401,0.0015,18.8999,48.9507,81
332,5614490,8303150,9803290,11637400,11772600,12552400,14710900,"Haiti",27750,27560,"HT","HTI",true,0.0043,0.0116,0.0015,427.1626,1106.351,82
56,9833090,10251700,10936600,11712900,11738800,11824100,11870900,"Belgium",30528,30280,"BE","BEL",true,0.0007,0.0022,0.0015,387.675,1004.0783,83
400,2234190,5386940,7297040,11439200,11552900,12448800,16367400,"Jordan",89342,88794,"JO","JOR",true,0.0014,0.0099,0.0014,130.109,336.9824,84
214,5729040,8584190,9820180,11331300,11427600,11938900,12996300,"Dominican Republic",48671,48310,"DO","DOM",true,0.003,0.0085,0.0014,236.5473,612.6575,85
784,1015700,3493580,6938360,10642100,11027100,12190600,15367400,"United Arab Emirates",83600,71020,"AE","ARE",true,0.0119,0.0362,0.0014,155.2675,402.1429,86
192,9804800,11109100,11297400,11019900,10979800,10700800,9382000,"Cuba",109884,103800,"CU","CUB",true,-0.0013,-0.0036,0.0014,105.7784,273.9661,87
340,3727170,6577770,8365880,10644900,10825700,11885300,14846800,"Honduras",112492,111890,"HN","HND",true,0.0057,0.017,0.0014,96.7531,250.5904,88
203,10275400,10236800,10464000,10809700,10735900,10425100,9825540,"Czech Republic",78865,77198.5,"CZ","CZE",true,-0.0035,-0.0068,0.0013,139.0688,360.1881,89
752,8310470,8872100,9378230,10551500,10607000,10841800,11309600,"Sweden",450295,407283.5,"SE","SWE",true,0.0016,0.0053,0.0013,26.0433,67.4521,90
762,3995260,6284740,7652140,10389800,10590900,11733100,15574600,"Tajikistan",143100,138790,"TJ","TJK",true,0.0063,0.0194,0.0013,76.3088,197.6398,91
598,3131510,5537060,7633520,10389600,10576500,11671400,14906600,"Papua New Guinea",462840,452860,"PG","PNG",true,0.0059,0.018,0.0013,23.3549,60.4892,92
620,9763620,10283200,10578700,10430700,10425300,10317900,9770270,"Portugal",92090,91605.6,"PT","PRT",true,-0.0003,-0.0005,0.0013,113.8064,294.7585,93
31,6284710,8174780,9146850,10318200,10336600,10665400,11224900,"Azerbaijan",86600,82646,"AZ","AZE",true,0.002,0.0018,0.0013,125.0708,323.9333,94
300,9653410,10782600,11124700,10242900,10047800,9721980,8812070,"Greece",131990,128900,"GR","GRC",true,-0.0056,-0.019,0.0013,77.9503,201.8914,95
348,10695400,10190600,9979130,9686460,9676140,9449120,8725350,"Hungary",93028,91260,"HU","HUN",true,-0.0009,-0.0011,0.0012,106.0283,274.6132,96
768,2920890,5140040,6732590,9304340,9515240,10793000,15584800,"Togo",56785,54390,"TG","TGO",true,0.0065,0.0227,0.0012,174.9447,453.1067,97
376,3721660,6111190,7336740,9256310,9387020,10176000,13092700,"Israel",20770,21640,"IL","ISR",true,0.0041,0.0141,0.0012,433.781,1123.4927,98
40,7548410,8012930,8365090,9130430,9120810,9080350,8724330,"Austria",83871,82520,"AT","AUT",true,-0.0002,-0.0011,0.0011,110.5285,286.2688,99
112,9603170,9991310,9490750,9115680,9056700,8687630,7453550,"Belarus",207600,202980,"BY","BLR",true,-0.0019,-0.0065,0.0011,44.6187,115.5624,100
756,6319850,7184010,7825750,8870560,8921980,9130290,9342590,"Switzerland",41284,39516,"CH","CHE",true,0.0015,0.0058,0.0011,225.7815,584.774,101
694,3272090,4423610,6222710,8460510,8642020,9694860,12948300,"Sierra Leone",71740,72180,"SL","SLE",true,0.0056,0.0215,0.0011,119.7287,310.0974,102
418,3292570,5431210,6334190,7664990,7769820,8357020,9757280,"Laos",236800,230800,"LA","LAO",true,0.0033,0.0137,0.001,33.6647,87.1917,103
795,2832200,4582680,5564360,7364440,7494500,8135730,9639710,"Turkmenistan",488100,469930,"TM","TKM",true,0.004,0.0177,0.0009,15.9481,41.3056,104
344,4962480,6704660,7101620,7442730,7414910,7252650,6090620,"Hong Kong",1104,1050,"HK","HKG",false,-0.0012,-0.0037,0.0009,7061.819,18290.1113,105
434,3424380,5305020,6497840,7305660,7381020,7885810,9260600,"Libya",1759540,1759540,"LY","LBY",true,0.0024,0.0103,0.0009,4.1949,10.8647,106
417,3729370,5025140,5491760,7073520,7186010,7803620,9642950,"Kyrgyzstan",199951,191800,"KG","KGZ",true,0.0035,0.0159,0.0009,37.4662,97.0374,107
600,3053240,5100870,5737970,6844150,6929150,7407620,8640460,"Paraguay",406752,397300,"PY","PRY",true,0.0027,0.0124,0.0009,17.4406,45.1712,108
558,3252400,5022630,5737450,6823610,6916140,7441600,8756430,"Nicaragua",130373,120340,"NI","NIC",true,0.0029,0.0136,0.0009,57.4717,148.8516,109
100,8859540,8000520,7437600,6795800,6757690,6458240,5402220,"Bulgaria",110879,108560,"BG","BGR",true,-0.0013,-0.0056,0.0008,62.2484,161.2234,110
688,7796280,7694600,7395860,6773200,6736220,6461210,5532870,"Serbia",88361,87460,"RS","SRB",true,-0.0014,-0.0055,0.0008,77.0206,199.4833,111
222,4540380,5943370,6068250,6309620,6338190,6486210,6663350,"El Salvador",21041,20720,"SV","SLV",true,0.0009,0.0045,0.0008,305.8972,792.2738,112
178,1828980,3151340,4462290,6182880,6332960,7282270,11006500,"Republic of the Congo",342000,341500,"CG","COG",true,0.0048,0.0243,0.0008,18.5445,48.0304,113
208,5123080,5339660,5547860,5948140,5977410,6082000,6124840,"Denmark",43094,40000,"DK","DNK",true,0.0009,0.0049,0.0007,149.4353,387.0373,114
702,2437490,4035240,5077010,5789090,5832390,6031380,6081690,"Singapore",710,718,"SG","SGP",true,0.0013,0.0075,0.0007,8123.1058,21038.8442,115
422,2944760,4329340,5041290,5773490,5805960,6103810,6999260,"Lebanon",10452,10230,"LB","LBN",true,0.0013,0.0056,0.0007,567.5425,1469.9351,116
246,4779350,5176200,5363350,5601180,5617310,5592050,5351640,"Finland",338424,303940,"FI","FIN",true,0.0003,0.0029,0.0007,18.4816,47.8675,117
430,1929250,2928120,4058890,5493030,5612820,6366290,8910530,"Liberia",111369,96320,"LR","LBR",true,0.0038,0.0218,0.0007,58.2726,150.9261,118
578,4085600,4490870,4889160,5519170,5576660,5729100,5899830,"Norway",323802,364285,"NO","NOR",true,0.0017,0.0104,0.0007,15.3085,39.649,119
703,4976660,5380000,5391850,5518060,5506760,5401390,4936490,"Slovakia",49037,49035,"SK","SVK",true,-0.0008,-0.002,0.0007,112.3026,290.8638,120
275,1469060,3151790,4016920,5409200,5495440,6122310,8451890,"Palestine",6220,6020,"PS","PSE",true,0.0029,0.0159,0.0007,912.8638,2364.3172,121
140,2450540,3833420,4493000,5152420,5330690,6478240,10616800,"Central African Republic",622984,622980,"CF","CAF",true,0.0057,0.0346,0.0007,8.5568,22.162,122
512,1001250,2282130,2757450,5049270,5281540,6112710,7827000,"Oman",309500,309500,"OM","OMN",true,0.0074,0.046,0.0007,17.0647,44.1977,123
372,3415240,3802580,4559080,5196630,5255020,5525090,5970040,"Ireland",70273,68890,"IE","IRL",true,0.0017,0.0112,0.0007,76.2813,197.5686,124
554,3146330,3857570,4347770,5172840,5213940,5407350,5755290,"New Zealand",270467,263310,"NZ","NZL",true,0.0012,0.0079,0.0007,19.8015,51.286,125
478,1474040,2613440,3390960,5022440,5169400,6062530,9415600,"Mauritania",1030700,1030700,"MR","MRT",true,0.0046,0.0293,0.0006,5.0154,12.99,126
188,2390630,3937740,4555960,5105520,5129910,5251500,5354150,"Costa Rica",51100,51060,"CR","CRI",true,0.0008,0.0048,0.0006,100.4683,260.2128,127
414,1504780,1954710,2943370,4838780,4934510,5324200,6367760,"Kuwait",17818,17820,"KW","KWT",true,0.0032,0.0198,0.0006,276.9085,717.1931,128
591,1957530,3010370,3628540,4458760,4515580,4833860,5630680,"Panama",75417,74180,"PA","PAN",true,0.0018,0.0127,0.0006,60.8733,157.6618,129
191,4643900,4326100,4301140,3896020,3875320,3725770,3234160,"Croatia",56594,55960,"HR","HRV",true,-0.0009,-0.0053,0.0005,69.2516,179.3617,130
268,5165550,4328360,3895920,3807490,3807670,3790540,3664010,"Georgia",69700,69490,"GE","GEO",true,0,0,0.0005,54.7945,141.9178,131
232,1605800,2247030,2945190,3470390,3535600,4002670,5696060,"Eritrea",117600,121040.8,"ER","ERI",true,0.0021,0.0188,0.0004,29.21,75.6539,132
496,1701340,2455180,2701730,3431930,3475540,3705230,4501490,"Mongolia",1564110,1557506.8,"MN","MNG",true,0.0013,0.0127,0.0004,2.2315,5.7795,133
858,2951950,3266210,3318580,3388080,3386590,3372890,3254350,"Uruguay",181034,175020,"UY","URY",true,-0.0001,-0.0004,0.0004,19.3497,50.1158,134
630,3213680,3809870,3714840,3242020,3242200,3140740,2503990,"Puerto Rico",8870,8870,"PR","PRI",false,-0.0001,0.0001,0.0004,365.5242,946.7078,135
70,4148430,4159770,3811470,3185070,3164250,3013970,2455170,"Bosnia and Herzegovina",51209,51200,"BA","BIH",true,-0.0007,-0.0065,0.0004,61.8018,160.0666,136
634,275913,644989,1709230,2979080,3048420,3333610,4164460,"Qatar",11586,11490,"QA","QAT",true,0.0023,0.0233,0.0004,265.3107,687.1547,137
498,4048710,4234970,3631990,3067070,3034960,2845240,2351810,"Moldova",33846,32884.6,"MD","MDA",true,-0.0012,-0.0105,0.0004,92.2912,239.0343,138
516,981434,1818650,2109810,2963100,3030130,3389960,4512300,"Namibia",825615,823290,"NA","NAM",true,0.002,0.0226,0.0004,3.6805,9.5325,139
51,3107420,3125630,2931080,2943390,2973840,2851290,2495210,"Armenia",29743,28470,"AM","ARM",true,-0.0007,0.0103,0.0004,104.4552,270.539,140
440,3428420,3500400,3097720,2854100,2859110,2706360,2258770,"Lithuania",65300,62620,"LT","LTU",true,-0.0005,0.0018,0.0004,45.6581,118.2545,141
388,2145660,2607830,2748570,2839790,2839180,2808950,2454940,"Jamaica",10991,10830,"JM","JAM",true,0,-0.0002,0.0004,262.1588,678.9913,142
8,2735420,3166150,2928720,2811660,2791760,2671880,2240170,"Albania",28748,27400,"AL","ALB",true,-0.0006,-0.0071,0.0003,101.8891,263.8926,143
270,713913,1455080,1926630,2697840,2759990,3130130,4301900,"Gambia",10689,10120,"GM","GMB",true,0.002,0.023,0.0003,272.7263,706.3611,144
266,748389,1275570,1719880,2484790,2538950,2866670,4084530,"Gabon",267668,257670,"GA","GAB",true,0.0017,0.0218,0.0003,9.8535,25.5206,145
72,937485,1677380,2033110,2480240,2521140,2765920,3437430,"Botswana",582000,566730,"BW","BWA",true,0.0013,0.0165,0.0003,4.4486,11.5218,146
426,1406520,2003910,1996250,2311470,2337420,2493820,2993080,"Lesotho",30355,30360,"LS","LSO",true,0.0008,0.0112,0.0003,76.9901,199.4044,147
624,829303,1234740,1566350,2153340,2201350,2488930,3438610,"Guinea-Bissau",36125,28120,"GW","GNB",true,0.0015,0.0223,0.0003,78.2841,202.7559,148
705,1903070,1986820,2044610,2118400,2118700,2098960,1981550,"Slovenia",20273,20136.4,"SI","SVN",true,0,0.0001,0.0003,105.2174,272.5131,149
226,288644,703279,1189080,1847550,1892520,2170440,3143730,"Equatorial Guinea",28051,28050,"GQ","GNQ",true,0.0015,0.0243,0.0002,67.4695,174.7461,150
428,2511760,2368310,2097830,1882400,1871870,1777620,1513810,"Latvia",64559,62230,"LV","LVA",true,-0.0005,-0.0056,0.0002,30.0799,77.9069,151
807,1933040,2057250,2051500,1831800,1823010,1762490,1512690,"North Macedonia",25713,25220,"MK","MKD",true,-0.0003,-0.0048,0.0002,72.2843,187.2163,152
48,358978,669581,1213240,1569670,1607050,1765210,2139460,"Bahrain",765,785,"BH","BHR",true,0.0012,0.0238,0.0002,2047.1975,5302.2414,153
780,1121740,1319770,1386650,1502930,1507780,1512320,1399800,"Trinidad and Tobago",5130,5130,"TT","TTO",true,0.0001,0.0032,0.0002,293.9142,761.2379,154
626,649871,745088,1084680,1384290,1400640,1519800,1889250,"Timor-Leste",14874,14870,"TL","TLS",true,0.0006,0.0118,0.0002,94.1923,243.9581,155
233,1476460,1397000,1331450,1367200,1360550,1302770,1174270,"Estonia",45227,42750,"EE","EST",true,-0.0004,-0.0049,0.0002,31.8257,82.4286,156
196,683076,947667,1127820,1344980,1358280,1422320,1508480,"Cyprus",9251,9240,"CY","CYP",true,0.0004,0.0099,0.0002,147,380.73,157
480,954216,1216630,1282710,1273590,1271170,1250430,1107200,"Mauritius",2040,2030,"MU","MUS",true,-0.0001,-0.0019,0.0002,626.1921,1621.8376,158
748,596644,1041410,1111650,1230510,1242820,1320920,1505330,"Eswatini",17364,17200,"SZ","SWZ",true,0.0004,0.01,0.0002,72.257,187.1456,159
262,325815,747318,930251,1152940,1168720,1262680,1530540,"Djibouti",23200,23180,"DJ","DJI",true,0.0005,0.0137,0.0001,50.4193,130.5861,160
242,641975,840909,910419,924145,928784,953106,1000260,"Fiji",18272,18270,"FJ","FJI",true,0.0001,0.005,0.0001,50.8366,131.6667,161
638,553134,763140,844471,874883,878591,900869,941413,"Reunion",2511,2512,"RE","REU",false,0.0001,0.0042,0.0001,349.7576,905.8721,162
174,337721,536080,654836,850387,866628,964264,1307560,"Comoros",1862,1861,"KM","COM",true,0.0005,0.0191,0.0001,465.6787,1206.1077,163
328,774367,764832,749256,826353,831087,861038,940607,"Guyana",214969,196850,"GY","GUY",true,0.0002,0.0057,0.0001,4.2219,10.9348,164
90,238135,440469,532968,800005,819198,938348,1309110,"Solomon Islands",28896,27990,"SB","SLB",true,0.0006,0.024,0.0001,29.2675,75.8029,165
64,433404,596863,701632,786385,791524,820694,882340,"Bhutan",38394,38140,"BT","BTN",true,0.0002,0.0065,0.0001,20.7531,53.7506,166
446,246097,437309,562806,713912,720262,726723,668860,"Macau",32.9,32.9,"MO","MAC",false,0.0001,0.0089,0.0001,21892.462,56701.4766,167
442,363705,436132,507410,665098,673036,713667,791464,"Luxembourg",2586,2574.5,"LU","LUX",true,0.0002,0.0119,0.0001,261.424,677.0881,168
499,584820,634193,632088,633552,638479,612562,533295,"Montenegro",13812,13450,"ME","MNE",true,-0.0001,0.0078,0.0001,47.4706,122.9487,169
740,375377,476643,549923,628886,634431,665652,733904,"Suriname",163820,156000,"SR","SUR",true,0.0002,0.0088,0.0001,4.0669,10.5332,170
732,117374,271943,409716,579729,590506,647480,777316,"Western Sahara",266000,266000,"EH","ESH",false,0.0003,0.0186,0.0001,2.2199,5.7497,171
470,342877,399895,422651,532956,539607,555231,535721,"Malta",316,320,"MT","MLT",true,0.0002,0.0125,0.0001,1686.2719,4367.4442,172
462,164835,282019,360792,525994,527799,539667,589962,"Maldives",300,300,"MV","MDV",true,0.0001,0.0034,0.0001,1759.33,4556.6647,173
132,323301,453317,509784,522331,524877,538614,566134,"Cape Verde",4033,4033,"CV","CPV",true,0.0001,0.0049,0.0001,130.1455,337.077,174
96,186111,326424,392332,458949,462721,482447,519551,"Brunei",5765,5270,"BN","BRN",true,0.0001,0.0082,0.0001,87.8028,227.4094,175
84,145062,240799,320245,411106,417072,449839,516627,"Belize",22966,22810,"BZ","BLZ",true,0.0002,0.0145,0.0001,18.2846,47.3571,176
44,232526,323835,367478,399440,401283,410267,424265,"Bahamas",13943,10010,"BS","BHS",true,0.0001,0.0046,0.0001,40.0882,103.8285,177
352,228144,281280,318158,387558,393396,414348,432993,"Iceland",103000,100830,"IS","ISL",true,0.0002,0.0151,0,3.9016,10.1051,178
312,331211,419567,408812,376517,375106,366343,326318,"Guadeloupe",1628,1628,"GP","GLP",false,0,-0.0037,0,230.4091,596.7595,179
474,332284,421382,397384,346002,343195,327638,282070,"Martinique",1128,1128,"MQ","MTQ",false,-0.0001,-0.0081,0,304.2509,788.0098,180
548,115660,186281,238248,320409,327777,372428,534388,"Vanuatu",12189,12190,"VU","VUT",true,0.0002,0.023,0,26.889,69.6425,181
175,50145,156492,207422,316015,326505,390534,645426,"Mayotte",374,374,"YT","MYT",false,0.0003,0.0332,0,873.008,2261.0908,182
254,66349,160620,234565,303402,308522,341732,471916,"French Guiana",83534,83534,"GF","GUF",false,0.0002,0.0169,0,3.6934,9.5658,183
540,149817,223098,261582,289870,292639,307577,340580,"New Caledonia",18575,18280,"NC","NCL",false,0.0001,0.0096,0,16.0087,41.4625,184
52,251524,262063,275243,282336,282467,282490,264216,"Barbados",430,430,"BB","BRB",true,0,0.0005,0,656.9,1701.371,185
258,156471,240337,270580,281118,281807,285546,284750,"French Polynesia",4167,3471,"PF","PYF",false,0,0.0025,0,81.189,210.2795,186
678,98544,144018,181802,230871,235536,264565,365115,"Sao Tome and Principe",964,960,"ST","STP",true,0.0001,0.0202,0,245.35,635.4565,187
882,164322,181685,193023,216663,218019,225971,272726,"Samoa",2842,2780,"WS","WSM",true,0,0.0063,0,78.4241,203.1184,188
531,156660,145529,156879,185427,185482,184826,173498,"Curacao",444,444,"CW","CUW",false,0,0.0003,0,417.7523,1081.9783,189
662,119290,158616,170906,179285,179744,181359,172081,"Saint Lucia",616,610,"LC","LCA",true,0,0.0026,0,294.6623,763.1753,190
316,110141,160065,166522,166506,167777,174635,191458,"Guam",549,540,"GU","GUM",false,0,0.0076,0,310.6981,804.7082,191
296,61148,88613,108704,132530,134518,146126,182621,"Kiribati",811,810,"KI","KIR",true,0.0001,0.015,0,166.0716,430.1255,192
690,66260,83318,94971,127951,130418,140399,141746,"Seychelles",452,460,"SC","SYC",true,0.0001,0.0193,0,283.5174,734.31,193
308,94538,107451,111586,117081,117207,117466,113243,"Grenada",344,340,"GD","GRD",true,0,0.0011,0,344.7265,892.8416,194
583,77407,112044,107540,112630,113160,116350,126408,"Micronesia",702,700,"FM","FSM",true,0,0.0047,0,161.6571,418.692,195
533,62039,88761,100114,107939,108066,107864,100002,"Aruba",180,180,"AW","ABW",false,0,0.0012,0,600.3667,1554.9497,196
776,97769,102677,107400,104597,104175,102072,105195,"Tonga",747,720,"TO","TON",true,0,-0.004,0,144.6875,374.7406,197
832,76533,87841,97108,103674,103846,104518,104766,"Jersey",116,120,"JE","JEY",false,0,0.0017,0,865.3833,2241.3428,198
670,104213,113545,109959,101323,100616,96856,88942,"Saint Vincent and the Grenadines",389,390,"VC","VCT",true,0,-0.007,0,257.9897,668.1934,199
28,64513,74912,85320,93316,93772,96000,95055,"Antigua and Barbuda",442,440,"AG","ATG",true,0,0.0049,0,213.1182,551.9761,200
850,96567,108579,106311,85701,84905,80852,71225,"United States Virgin Islands",347,347,"VI","VIR",false,0,-0.0093,0,244.683,633.729,201
833,64076,75659,83873,84165,84160,83590,77971,"Isle of Man",572,570,"IM","IMN",false,,-0.0001,0,147.6491,382.4112,202
20,35782,65685,80706,80856,81938,85681,82195,"Andorra",468,470,"AD","AND",true,0,0.0134,0,174.3362,451.5307,203
136,17079,39674,54099,73038,74457,82415,103959,"Cayman Islands",264,240,"KY","CYM",false,0,0.0194,0,310.2375,803.5151,204
212,73083,68511,68859,66510,66205,64169,63192,"Dominica",751,750,"DM","DMA",true,0,-0.0046,0,88.2733,228.6279,205
60,53673,61550,63725,64698,64636,63868,56937,"Bermuda",54,54,"BM","BMU",false,0,-0.001,0,1196.963,3100.1341,206
831,53929,60269,61513,64017,64280,64823,62800,"Guernsey",78,63,"GG","GGY",false,0,0.0041,0,1020.3175,2642.6222,207
304,50111,56209,56614,55922,55840,55050,49898,"Greenland",2166086,410450,"GL","GRL",false,0,-0.0015,0,0.136,0.3524,208
234,43072,45663,48169,54714,55400,58206,63035,"Faroe Islands",1393,1366,"FO","FRO",false,0,0.0125,0,40.5564,105.041,209
659,42850,45248,46846,46758,46843,47134,44249,"Saint Kitts and Nevis",261,260,"KN","KNA",true,0,0.0018,0,180.1654,466.6283,210
16,32403,56855,55228,47521,46765,42958,37545,"American Samoa",199,200,"AS","ASM",false,0,-0.0159,0,233.825,605.6067,211
796,7564,18730,29739,46198,46535,48258,50988,"Turks and Caicos Islands",948,948,"TC","TCA",false,0,0.0073,0,49.0876,127.1368,212
580,17625,68356,54091,45143,44278,41785,42764,"Northern Mariana Islands",464,460,"MP","MNP",false,0,-0.0192,0,96.2565,249.3044,213
534,12410,30773,33794,42749,43350,46331,51017,"Sint Maarten",34,34,"SX","SXM",false,0,0.0141,0,1275,3302.25,214
438,25090,33113,35999,39598,39870,41202,43013,"Liechtenstein",160,160,"LI","LIE",true,0,0.0069,0,249.1875,645.3956,215
92,11130,20241,27675,38985,39471,40592,40340,"British Virgin Islands",151,150,"VG","VGB",false,0,0.0125,0,263.14,681.5326,216
292,28675,27709,31248,38471,39329,43459,49798,"Gibraltar",6.8,6.8,"GI","GIB",false,0,0.0223,0,5783.6765,14979.7221,217
492,27122,32455,33163,38956,38631,37366,36757,"Monaco",2.02,2,"MC","MCO",true,0,-0.0083,0,19315.5,50027.145,218
584,30774,50706,52044,38827,37548,31186,25195,"Marshall Islands",181,180,"MH","MHL",true,0,-0.0329,0,208.6,540.274,219
674,21585,26799,30624,33733,33581,33742,33696,"San Marino",61,60,"SM","SMR",true,0,-0.0045,0,559.6833,1449.5798,220
663,8288,29996,36856,27515,26129,21066,18795,"Saint Martin",53,50,"MF","MAF",false,0,-0.0504,0,522.58,1353.4822,221
585,12271,19178,18396,17727,17695,17376,15518,"Palau",459,460,"PW","PLW",true,0,-0.0018,0,38.4674,99.6305,222
660,6588,11177,13345,14410,14598,14977,14552,"Anguilla",91,91,"AI","AIA",false,0,0.013,0,160.4176,415.4815,223
184,17697,15854,16976,14222,13729,11495,9337,"Cook Islands",240,240,"CK","COK",false,0,-0.0347,0,57.2042,148.1588,224
520,7649,10168,10043,11875,11947,12521,15758,"Nauru",21,20,"NR","NRU",true,0,0.0061,0,597.35,1547.1365,225
876,11117,14784,13164,11370,11277,10859,10148,"Wallis and Futuna",274,274,"WF","WLF",false,0,-0.0082,0,41.1569,106.5965,226
652,2966,7082,8965,11085,11258,12007,12789,"Saint Barthelemy",21,25,"BL","BLM",false,0,0.0156,0,450.32,1166.3288,227
798,7366,9544,10614,9816,9646,9047,9781,"Tuvalu",26,30,"TV","TUV",true,0,-0.0173,0,321.5333,832.7713,228
666,6172,6293,6024,5681,5628,5289,4258,"Saint Pierre and Miquelon",242,242,"PM","SPM",false,0,-0.0093,,23.2562,60.2336,229
500,11339,5029,4794,4420,4389,4202,3692,"Montserrat",102,102,"MS","MSR",false,,-0.007,,43.0294,111.4462,230
238,2252,3097,3197,3477,3470,3422,3176,"Falkland Islands",12173,12173,"FK","FLK",false,,-0.002,,0.2851,0.7383,231
772,1664,1845,1585,2397,2506,2985,3821,"Tokelau",12,10,"TK","TKL",false,0,0.0455,,250.6,649.054,232
570,3533,2047,1768,1817,1819,1835,1966,"Niue",261,261,"NU","NIU",false,,0.0011,,6.9693,18.0506,233
336,743,691,621,496,496,528,714,"Vatican City",0.44,0.44,"VA","VAT",true,,0,,1127.2727,2919.6364,234